NPSN,NAMA SEKOLAH,ALAMAT,DAFTAR KOMPETENSI,DAFTAR KOMPETENSI2,DAFTAR KOMPETENSI3,DAFTAR KOMPETENSI4,DAFTAR KOMPETENSI5,DAFTAR KOMPETENSI6,DAFTAR KOMPETENSI7,DAFTAR KOMPETENSI8,DAFTAR KOMPETENSI9,DAFTAR KOMPETENSI10,Nilai Rerata,Domisili
20100143,SMK NEGERI 1,JL. BUDI UTOMO NO 7 JAKARTA PUSAT,Teknik Konstruksi dan Perumahan, Desain Pemodelan dan Informasi Bangunan, Teknik Instalasi Tenaga Listrik, Teknik Pemesinan, Desain Gambar Mesin, Teknik Kendaraan Ringan, Rekayasa Perangkat Lunak, Sistem Informasi, Jaringan dan Aplikasi, Teknik Komputer dan Jaringan, Desain Komunikasi Visual,62.83,Jakarta Pusat
20100161,SMK NEGERI 2,JL. BATU NO. 3,Rekayasa Perangkat Lunak, Desain Komunikasi Visual, Manajemen Perkantoran, Akuntansi, Bisnis Retail,,,,,,58.97,Jakarta Pusat
20100164,SMK NEGERI 3,JL. GARUDA NO. 63,Teknik Komputer dan Jaringan, Manajemen Perkantoran, Akuntansi, Bisnis Retail,,,,,,,62.24,Jakarta Pusat
20107436,SMK NEGERI 4,"JL. ROROTAN 6 NO.1, JAKARTA UTARA",Desain dan Teknik Furnitur, Teknik Konstruksi dan Perumahan, Teknik Instalasi Tenaga Listrik, Teknik Pemesinan, Teknik Pengelasan, Teknik Kendaraan Ringan, Teknik Audio Video, Teknik Elektronika Industri, Teknik Mekatronika, Teknik Komputer dan Jaringan,61.58,Jakarta Utara
20103783,SMK NEGERI 5,JL. PISANGAN TIMUR VII,Teknik Instalasi Tenaga Listrik, Teknik Pemesinan, Teknik Kendaraan Ringan," Teknik Pemanasan, Tata Udara, dan Pendinginan", Teknik Audio Video, Teknik Sepeda Motor,,,,,54.34,Jakarta Timur
20102579,SMK NEGERI 6,JL. PROF JOKO SUTONO SH NO.2 A. KEB. BARU JAKARTA SELATAN,Rekayasa Perangkat Lunak, Desain Komunikasi Visual, Animasi, Manajemen Perkantoran, Akuntansi, Bisnis Retail,,,,,61.27,Jakarta Selatan
20103778,SMK NEGERI 7,JL. TENGGIRI NO. 1 RAWAMANGUN,Teknik Grafika, Teknik Komputer dan Jaringan, Desain Komunikasi Visual,,,,,,,,54.58,Jakarta Timur
20102597,SMK NEGERI 8,"JL. RAYA PEJATEN, JAKARTA SELATAN",Usaha Layanan Wisata, Manajemen Perkantoran, Akuntansi, Bisnis Retail, Bisnis Digital, Rekayasa Perangkat Lunak, Manajemen Logistik,,,,60.03,Jakarta Selatan
20101496,SMK NEGERI 9,JL. GEDONG PANJANG 2 NO. 17,Desain Komunikasi Visual, Usaha Layanan Wisata, Manajemen Perkantoran, Akuntansi, Bisnis Retail, Bisnis Digital,,,,,58.96,Jakarta Barat
20103791,SMK NEGERI 10,JL. SMEA 6 MAYJEND SUTOYO,Rekayasa Perangkat Lunak, Manajemen Perkantoran, Manajemen Logistik, Akuntansi, Bisnis Retail, Bisnis Digital,,,,,61.12,Jakarta Timur
20101504,SMK NEGERI 11,JL. PINANGSIA I NO. 20,Manajemen Perkantoran, Akuntansi, Bisnis Retail,,,,,,,,55.38,Jakarta Barat
20100783,SMK NEGERI 12,JL. KEBON BAWANG 15,Rekayasa Perangkat Lunak, Manajemen Perkantoran, Akuntansi, Bisnis Retail,,,,,,,60.87,Jakarta Utara
20101503,SMK NEGERI 13,JL. RAWA BELONG 2,Usaha Layanan Wisata, Manajemen Perkantoran, Akuntansi, Bisnis Retail, Desain Komunikasi Visual,,,,,,58.07,Jakarta Barat
20100158,SMK NEGERI 14,"JL.PERCETAKAN NEGARA NO.2A.JOHAR BARU, JAKARTA PUSAT",Desain Komunikasi Visual, Manajemen Perkantoran, Akuntansi, Bisnis Retail,,,,,,,61.45,Jakarta Pusat
20102578,SMK NEGERI 15,JL. MATARAM 1,Rekayasa Perangkat Lunak, Manajemen Perkantoran, Akuntansi, Bisnis Retail,,,,,,,51.98,Jakarta Selatan
20100159,SMK NEGERI 16,JL. TAMAN AMIR HAMZAH,Desain Komunikasi Visual, Manajemen Perkantoran, Akuntansi, Bisnis Retail,,,,,,,56.47,Jakarta Pusat
20101502,SMK NEGERI 17,"JL. G. SLIPI, SLIPI",Rekayasa Perangkat Lunak, Manajemen Perkantoran, Akuntansi, Bisnis Retail,,,,,,,56.72,Jakarta Barat
20102589,SMK NEGERI 18,JLN. CIPUTAT RAYA KOMP. BANK MANDIRI,Desain Komunikasi Visual, Manajemen Perkantoran, Akuntansi, Bisnis Retail,,,,,,,54.14,Jakarta Selatan
20100160,SMK NEGERI 19,JL. DANAU LIMBOTO NO. 11,Produksi Film, Manajemen Perkantoran, Akuntansi, Bisnis Retail,,,,,,,61.85,Jakarta Pusat
20102587,SMK NEGERI 20,"JL. MELATI NO.24, JAKARTA SELATAN",Manajemen Perkantoran, Akuntansi, Bisnis Retail, Bisnis Digital, Layanan Perbankan Syariah, Rekayasa Perangkat Lunak, Manajemen Logistik,,,,57.94,Jakarta Selatan
20100162,SMK NEGERI 21,JL. SIAGA I GG. SWADAYA III,Rekayasa Perangkat Lunak, Manajemen Perkantoran, Akuntansi, Bisnis Retail,,,,,,,59.74,Jakarta Pusat
20103790,SMK NEGERI 22,JL. RAYA CONDET,Teknik Komputer dan Jaringan, Manajemen Perkantoran, Akuntansi, Bisnis Digital,,,,,,,56.07,Jakarta Timur
20107433,SMK NEGERI 23,JL. PEDAMENGAN III/19,Desain dan Produksi Busana, Manajemen Perkantoran, Akuntansi, Bisnis Retail, Bisnis Digital,,,,,,60.85,Jakarta Utara
20103788,SMK NEGERI 24,JL. BAMBU WULUNG,Rekayasa Perangkat Lunak, Usaha Layanan Wisata, Perhotelan, Kuliner, Desain dan Produksi Busana,,,,,,55.51,Jakarta Timur
20102586,SMK NEGERI 25,JL. RAYA RAGUNAN,Manajemen Perkantoran, Akuntansi, Bisnis Digital, Desain Komunikasi Visual,,,,,,,57.15,Jakarta Selatan
20103787,SMK NEGERI 26,"JL. BALAI PUSTAKA BARU I, JAKARTA TIMUR",Konstruksi Gedung dan Sanitasi, Teknik Instalasi Tenaga Listrik, Teknik Fabrikasi Logam dan Manufaktur, Teknik Kendaraan Ringan," Sistem Informasi, Jaringan dan Aplikasi", Teknik Elektronika Komunikasi, Teknik Bodi Kendaraan Ringan,,,,64.15,Jakarta Timur
20100163,SMK NEGERI 27,"JL. DR. SUTOMO NO 1, JAKARTA PUSAT",Usaha Layanan Wisata, Perhotelan, Kuliner, Tata Kecantikan Kulit dan Rambut, Desain dan Produksi Busana, Desain Komunikasi Visual,,,,,60.54,Jakarta Pusat
20102585,SMK NEGERI 28,JL. MARITIM NO. 26,Layanan Penunjang Keperawatan dan Caregiving, Pekerjaan Sosial, Perhotelan, Kuliner,,,,,,,57.18,Jakarta Selatan
20102602,SMK NEGERI 29,"JL. PROF. JOKOSUTONO. SH NO. 1, JAKARTA SELATAN","Teknik Pemanasan, Tata Udara, dan Pendinginan", Airframe Powerplant, Electrical Avionic, Teknik Elektronika Industri,,,,,,,55.75,Jakarta Selatan
20102582,SMK NEGERI 30,"JL. PAKU BUWONO 6 KEBAYORAN. DKI JKT, JAKARTA SELATAN",Perhotelan, Kuliner, Desain dan Produksi Busana,,,,,,,,59.23,Jakarta Selatan
20100165,SMK NEGERI 31,JL. KRAMAT JAYA BARU BLOK D II,Animasi, Desain Komunikasi Visual, Manajemen Perkantoran, Akuntansi, Layanan Perbankan, Bisnis Retail,,,,,51.51,Jakarta Pusat
20102581,SMK NEGERI 32,JL. TEBET DALAM 4 NO. 1,Perhotelan, Kuliner, Desain dan Produksi Busana,,,,,,,,53.8,Jakarta Selatan
20107434,SMK NEGERI 33,"JL. GADING MAS TIMUR DUA, JAKARTA UTARA",Usaha Layanan Wisata, Perhotelan, Kuliner, Desain dan Produksi Busana,,,,,,,58.31,Jakarta Utara
20100166,SMK NEGERI 34,JL. KRAMAT RAYA NO. 93,Teknik Instalasi Tenaga Listrik, Teknik Pemesinan, Teknik Kendaraan Ringan, Teknik Sepeda Motor, Desain Komunikasi Visual,,,,,,59.79,Jakarta Pusat
20101501,SMK NEGERI 35,JL. KERAJINAN NO. 42,Desain Pemodelan dan Informasi Bangunan, Teknik Instalasi Tenaga Listrik, Teknik Pemesinan, Teknik Kendaraan Ringan, Teknik Audio Video,,,,,,53.71,Jakarta Barat
20107435,SMK NEGERI 36,JL. BARU KOSAMBI III,Teknik Pemesinan, Teknik Kendaraan Ringan, Teknik Alat Berat, Nautika Kapal Penangkapan Ikan, Teknika Kapal Penangkapan Ikan, Teknik Komputer dan Jaringan, Desain Komunikasi Visual, Agribisnis Ikan Hias,,,58.47,Jakarta Utara
20102601,SMK NEGERI 37,JL. PERTANIAN 3,Perhotelan, Kuliner, Desain dan Produksi Busana,,,,,,,,53.06,Jakarta Selatan
20100167,SMK NEGERI 38,"JL. KARET PASAR BARU TIMUR 2 - KARET TENGSIN - TANAH ABANG, JAKARTA PUSAT 10220",Perhotelan, Kuliner, Desain dan Produksi Busana,,,,,,,,54.29,Jakarta Pusat
20100168,SMK NEGERI 39,JL. CEMPAKA PUTIH TENGAH VI NO. 2,Teknik Kendaraan Ringan, Teknik Sepeda Motor, Teknik Audio Video, Teknik Elektronika Industri, Teknik Elektronika Komunikasi,,,,,,53.18,Jakarta Pusat
20103786,SMK NEGERI 40,JL. NANAS I UTAN KAYU,Rekayasa Perangkat Lunak, Desain Komunikasi Visual, Manajemen Perkantoran, Akuntansi, Bisnis Retail,,,,,,54.4,Jakarta Timur
20102580,SMK NEGERI 41,JL. MARGASATWA KOMPLEK TIMAH,Desain Komunikasi Visual, Manajemen Perkantoran, Akuntansi, Bisnis Retail, Bisnis Digital,,,,,,58.57,Jakarta Selatan
20101500,SMK NEGERI 42,JL. KAMAL RAYA,Produksi dan Siaran Program Radio, Manajemen Perkantoran, Akuntansi, Bisnis Retail,,,,,,,62.08,Jakarta Barat
20102600,SMK NEGERI 43,JL. CIPULIR 1,Teknik Komputer dan Jaringan, Manajemen Logistik, Akuntansi, Bisnis Retail, Rekayasa Perangkat Lunak,,,,,,54.87,Jakarta Selatan
20100157,SMK NEGERI 44,JL. HARAPAN JAYA 9/5A,Teknik Komputer dan Jaringan, Manajemen Perkantoran, Akuntansi, Bisnis Retail,,,,,,,56.31,Jakarta Pusat
20101499,SMK NEGERI 45,JL. KPBD,Produksi dan Siaran Program Televisi, Manajemen Perkantoran, Akuntansi, Bisnis Retail, Desain Komunikasi Visual,,,,,,61.33,Jakarta Barat
20103785,SMK NEGERI 46,JL. B7 CIPINANG BESAR UTARA,Rekayasa Perangkat Lunak, Desain Komunikasi Visual, Manajemen Perkantoran, Akuntansi, Bisnis Retail,,,,,,60.3,Jakarta Timur
20102599,SMK NEGERI 47,JL. CONDET PEJATEN,Desain Komunikasi Visual, Produksi dan Siaran Program Televisi, Manajemen Perkantoran, Akuntansi, Bisnis Retail,,,,,,54,Jakarta Selatan
20103784,SMK NEGERI 48,"JL. RAYA PERUMNAS KLENDER, JAKARTA TIMUR",Desain Komunikasi Visual, Produksi dan Siaran Program Televisi, Manajemen Perkantoran, Akuntansi, Bisnis Digital, Bisnis Retail,,,,,62.51,Jakarta Timur
20107437,SMK NEGERI 49,JL. SARANG BANGO NO. 1,Desain Komunikasi Visual, Bisnis Digital, Bisnis Retail, Manajemen Perkantoran, Manajemen Logistik, Layanan Perbankan Syariah, Akuntansi,,,,60.48,Jakarta Utara
20103782,SMK NEGERI 50,JL. CIPINANG MUARA NO. 1,Desain Komunikasi Visual, Manajemen Perkantoran, Akuntansi, Bisnis Retail, Bisnis Digital,,,,,,54.65,Jakarta Timur
20103781,SMK NEGERI 51,JL. SMEA 33 - SMIK,Produksi dan Siaran Program Televisi, Produksi Film, Desain Komunikasi Visual, Manajemen Perkantoran, Akuntansi, Bisnis Retail, Bisnis Digital,,,,61.88,Jakarta Timur
20103780,SMK NEGERI 52,JL. TARUNA JAYA,Desain Pemodelan dan Informasi Bangunan, Desain dan Teknik Furnitur, Teknik Pemesinan, Teknik Kendaraan Ringan,,,,,,,57.1,Jakarta Timur
20101498,SMK NEGERI 53,JL. FLAMBOYAN - CENGKARENG,Teknik Instalasi Tenaga Listrik, Teknik Pengelasan, Teknik Kendaraan Ringan, Teknik Sepeda Motor, Teknik Audio Video, Teknik Komputer dan Jaringan,,,,,56.14,Jakarta Barat
20100156,SMK NEGERI 54,JL. BENDUNGAN JAGO NO. 53,"Teknik Pemanasan, Tata Udara, dan Pendinginan", Teknik Kendaraan Ringan, Teknik Komputer dan Jaringan,,,,,,,,56.5,Jakarta Pusat
20107438,SMK NEGERI 55,JL. PADEMANGAN TIMUR VII,Teknik Instalasi Tenaga Listrik, Teknik Kendaraan Ringan, Teknik Sepeda Motor, Desain Komunikasi Visual,,,,,,,52.13,Jakarta Utara
20107439,SMK NEGERI 56,"JL. RAYA PLUIT TIMUR NO. 1, JAKARTA UTARA",Desain Pemodelan dan Informasi Bangunan, Teknik Instalasi Tenaga Listrik, Teknik Otomasi Industri, Teknik Pemesinan, Teknik Kendaraan Ringan, Teknik Ototronik, Teknik Mekatronika, Teknik Komputer dan Jaringan, Desain Komunikasi Visual,,60.26,Jakarta Utara
20102598,SMK NEGERI 57,"JL. MARGASATWA NO. 38 B RAGUNAN, JAKARTA SELATAN",Usaha Layanan Wisata, Perhotelan, Kuliner,,,,,,,,65.05,Jakarta Selatan
20103779,SMK NEGERI 58,JL. SMIK BAMBU APUS / TMII CIPAYUNG JAKARTA TIMUR,Desain Pemodelan dan Informasi Bangunan, Teknik Fabrikasi Logam dan Manufaktur, Seni Lukis, Desain Komunikasi Visual, Kriya Kreatif Batik dan Tekstil, Kriya Kreatif Logam dan Perhiasan, Kriya Kreatif Kayu dan Rotan,,,,56.77,Jakarta Timur
20107358,SMK NEGERI 59,JL. PENINGGARAN BARAT I,Desain Komunikasi Visual, Bisnis Retail, Bisnis Digital,,,,,,,,55.58,Jakarta Selatan
20101497,SMK NEGERI 60,JL. DURI RAYA NO. 15,Usaha Layanan Wisata, Kuliner, Perhotelan,,,,,,,,54.9,Jakarta Barat
20109165,SMK NEGERI 61 (KEPULAUAN SERIBU),JL. PANTAI SELATAN NO.1 PULAU TIDUNG KEC. KEP. SERIBU SELATAN,Nautika Kapal Penangkapan Ikan, Nautika Kapal Niaga, Kuliner, Agribisnis Perikanan Payau dan Laut, Teknika Kapal Niaga,,,,,,47.02,Kepulauan Seribu
20109246,SMK NEGERI 62,JL. CAMAT GABUN 2,Desain Komunikasi Visual, Perhotelan, Manajemen Perkantoran, Akuntansi, Bisnis Retail,,,,,,58.54,Jakarta Selatan
20112443,SMK NEGERI 63,"JL. ASELIH NO. 100 KECAMATAN JAGAKARSA, KOTA JAKARTA SELATAN",Agribisnis Tanaman Pangan dan Hortikultura, Agribisnis Perbenihan Tanaman, Agribisnis Lanskap dan Pertamanan, Agribisnis Pengolahan Hasil Pertanian,,,,,,,52.33,Jakarta Selatan
69992315,SMK NEGERI 64,"JL. SMP 126 RT 10 RW 03 KEL. BATU AMPAR, KEC. KRAMATJATI, KOTA ADMINISTRASI JAKARTA TIMUR",Rekayasa Perangkat Lunak, Desain Komunikasi Visual,,,,,,,,,56.4,Jakarta Timur
69992316,SMK NEGERI 65,"JL. IPN RT 09 RW 06 , KEL. CIPINANG BESAR SELATAN, KEC. JATINEGRA, KOTA ADMINISTRASI JAKARTA TIMUR",Rekayasa Perangkat Lunak, Desain Komunikasi Visual, Produksi Film,,,,,,,,52.28,Jakarta Timur
69992317,SMK NEGERI 66,"JL. SPG 7 NO.33A RT 10 RW 09, KEL. LUBANG BUAYA, KEC. CIPAYUNG, KOTA ADMINISTRASI JAKARTA TIMUR",Usaha Layanan Wisata, Perhotelan, Kuliner,,,,,,,,52.93,Jakarta Timur
69992318,SMK NEGERI 67,"JL. TELAGA RT 13 RW 09, KEL. PEKAYON, KEC. PASAR REBO, KAMPUNG DUKUH, KOTA ADM. JAKARTA TIMUR",Animasi, Desain Komunikasi Visual,,,,,,,,,51.58,Jakarta Timur
69992319,SMK NEGERI 68,"JL. PENGANTIN ALI, RT 09 RW 06, KEL. CIRACAS, KEC. CIRACAS, KOTA ADM. JAKARTA TIMUR",Teknik Pengelasan, Teknik Fabrikasi Logam dan Manufaktur,,,,,,,,,53.2,Jakarta Timur
69992321,SMK NEGERI 69,"JL. RADJIMAN WIDYODININGRAT RT 08 RW 09, KEL. JATINEGARA, KEC. CAKUNG KOTA ADM. JAKARTA TIMUR",Teknik Ototronik, Teknik Mekatronika," Sistem Informasi, Jaringan dan Aplikasi",,,,,,,,58.52,Jakarta Timur
69992314,SMK NEGERI 70,"JL. TIPAR CAKUNG KAV. DKI RT 12 RW 04, KEL. PNDOK KELAPA, KEC. DUREN SAWIT, KOTA ADM. JAKARTA TIMUR",Perhotelan, Kuliner, Desain dan Produksi Busana,,,,,,,,59.43,Jakarta Timur
69992322,SMK NEGERI 71,"JL. RADJIMAN WIDYODININGRAT PULO JAHE RT 12 RW 14, KEL. JATINEGARA, KEC. CAKUNG JAKARTA TIMUR",Desain Komunikasi Visual, Rekayasa Perangkat Lunak, Animasi,,,,,,,,56.65,Jakarta Timur
69992346,SMK NEGERI 72,JL. KAYU BESAR BULAK JATI NO. 18 RT. 008/012,Teknik Jaringan Tenaga Listrik," Teknik Pemanasan, Tata Udara, dan Pendinginan",,,,,,,,,53.25,Jakarta Barat
69992323,SMK NEGERI 73,"JALAN BANGUN NUSA RAYA RT 11 RW 13 CENGKARENG TIMUR, JAKARTA BARAT",Usaha Layanan Wisata, Perhotelan, Kuliner,,,,,,,,60.61,Jakarta Barat
70054389,SMK NEGERI 74,"JL. MOCH. KAHFI II, RT 11 RW 08",Seni Musik, Seni Tari, Seni Karawitan, Seni Teater,,,,,,,53.42,Jakarta Selatan
20100216,SMA NEGERI 1,JL. BUDI UTOMO NO. 7,KURIKULUM MERDEKA,,,,,,,,,,66.04,Jakarta Pusat
20101622,SMA NEGERI 2,JL. GAJAH MADA NO. 175,KURIKULUM MERDEKA,,,,,,,,,,69.12,Jakarta Barat
20102216,SMA NEGERI 3,"JL. SETIABUDI II, JAKARTA SELATAN",KURIKULUM MERDEKA,,,,,,,,,,66.65,Jakarta Selatan
20100211,SMA NEGERI 4,JL. BATU 3,KURIKULUM MERDEKA,,,,,,,,,,61.5,Jakarta Pusat
20100210,SMA NEGERI 5,JL. RAYA SUMUR BATU,KURIKULUM MERDEKA,,,,,,,,,,65.46,Jakarta Pusat
20102574,SMA NEGERI 6,JL. MAHAKAM I/2 BLOK C,KURIKULUM MERDEKA,,,,,,,,,,69.64,Jakarta Selatan
20100200,SMA NEGERI 7,JL. KARET PS. BARU BARAT V,KURIKULUM MERDEKA,,,,,,,,,,56.9,Jakarta Pusat
20102568,SMA NEGERI 8,JL TAMAN BUKIT DURI TEBET,KURIKULUM MERDEKA,,,,,,,,,,81.47,Jakarta Selatan
20103279,SMA NEGERI 9,JL. SMU NEGERI 9 JAKARTA HALIM PERDANA KUSUMA,KURIKULUM MERDEKA,,,,,,,,,,60.69,Jakarta Timur
20100217,SMA NEGERI 10,JL. MANGGA BESAR XIII,KURIKULUM MERDEKA,,,,,,,,,,56.06,Jakarta Pusat
20103287,SMA NEGERI 11,JL. PENDIDIKAN,KURIKULUM MERDEKA,,,,,,,,,,62.94,Jakarta Timur
20103285,SMA NEGERI 12,JL. PERTANIAN,KURIKULUM MERDEKA,,,,,,,,,,64.65,Jakarta Timur
20100806,SMA NEGERI 13,"JALAN SEROJA NO. 1, RAWA BADAK UTARA",KURIKULUM MERDEKA,,,,,,,,,,72.01,Jakarta Utara
20103284,SMA NEGERI 14,JL. SMA BARAT,KURIKULUM MERDEKA,,,,,,,,,,64.96,Jakarta Timur
20100807,SMA NEGERI 15,JL. AGUNG UTARA STS BLOK A,KURIKULUM MERDEKA,,,,,,,,,,56.47,Jakarta Utara
20101625,SMA NEGERI 16,JL. BELIBIS TERUSAN NO. 16,KURIKULUM MERDEKA,,,,,,,,,,58.52,Jakarta Barat
20101624,SMA NEGERI 17,JL. MANGGA BESAR IV/I NO. 27 TAMAN SARI JAKARTA BARAT,KURIKULUM MERDEKA,,,,,,,,,,56.2,Jakarta Barat
20100809,SMA NEGERI 18,JL. WARAKAS I,KURIKULUM MERDEKA,,,,,,,,,,56.17,Jakarta Utara
20101623,SMA NEGERI 19,JL. PERNIAGAAN NO. 31,KURIKULUM MERDEKA,,,,,,,,,,57.46,Jakarta Barat
20100218,SMA NEGERI 20,JL. KREKOT BUNDER III/1,KURIKULUM MERDEKA,,,,,,,,,,56.26,Jakarta Pusat
20103283,SMA NEGERI 21,JL. TANAH MAS RAYA NO. 1,KURIKULUM MERDEKA,,,,,,,,,,70.19,Jakarta Timur
20103282,SMA NEGERI 22,JL. KRAMAT ASEM,KURIKULUM MERDEKA,,,,,,,,,,57.71,Jakarta Timur
20101621,SMA NEGERI 23,JL. MANDALA UTARA,KURIKULUM MERDEKA,,,,,,,,,,57.76,Jakarta Barat
20100219,SMA NEGERI 24,JL. LAPANGAN TEMBAK SENAYAN,KURIKULUM MERDEKA,,,,,,,,,,62.29,Jakarta Pusat
20100221,SMA NEGERI 25,JL. AM. SANGAJI NO. 22-24,KURIKULUM MERDEKA,,,,,,,,,,57.25,Jakarta Pusat
20102218,SMA NEGERI 26,JL. TEBET BARAT IV,KURIKULUM MERDEKA,,,,,,,,,,69.18,Jakarta Selatan
20100223,SMA NEGERI 27,JL. MARDANI RAYA,KURIKULUM MERDEKA,,,,,,,,,,60.75,Jakarta Pusat
20107319,SMA NEGERI 28,"JL RAYA RAGUNAN, JAKARTA SELATAN",KURIKULUM MERDEKA,,,,,,,,,,76.98,Jakarta Selatan
20102217,SMA NEGERI 29,JL. KRAMAT NO.6,KURIKULUM MERDEKA,,,,,,,,,,61.31,Jakarta Selatan
20100224,SMA NEGERI 30,JL. JEND. A. YANI,KURIKULUM MERDEKA,,,,,,,,,,61.7,Jakarta Pusat
20103281,SMA NEGERI 31,JL. KAYU MANIS TIMUR,KURIKULUM MERDEKA,,,,,,,,,,63.05,Jakarta Timur
20102215,SMA NEGERI 32,JL. PANJANG KOMP. SETNEG BARU,KURIKULUM MERDEKA,,,,,,,,,,57.5,Jakarta Selatan
2010160,SMA NEGERI 33,JL. KAMAL RAYA NO. 54,KURIKULUM MERDEKA,,,,,,,,,,69.95,Jakarta Barat
20102214,SMA NEGERI 34,JL. MARGASATWA RAYA NO. 1,KURIKULUM MERDEKA,,,,,,,,,,74,Jakarta Selatan
20100212,SMA NEGERI 35,JL. MUTIARA,KURIKULUM MERDEKA,,,,,,,,,,57.02,Jakarta Pusat
20103280,SMA NEGERI 36,JL. PERHUBUNGAN RAYA,KURIKULUM MERDEKA,,,,,,,,,,59.85,Jakarta Timur
20102213,SMA NEGERI 37,JL. H. NO. 40,KURIKULUM MERDEKA,,,,,,,,,,58.12,Jakarta Selatan
20102212,SMA NEGERI 38,JL. RAYA LENTENG AGUNG,KURIKULUM MERDEKA,,,,,,,,,,65.88,Jakarta Selatan
20103296,SMA NEGERI 39,JL. RA. FADILLAH,KURIKULUM MERDEKA,,,,,,,,,,70.42,Jakarta Timur
20100810,SMA NEGERI 40,JL. BUDI MULIA RAYA,KURIKULUM MERDEKA,,,,,,,,,,63.09,Jakarta Utara
20100811,SMA NEGERI 41,JL. LAKS. R. E. MARTADINATA,KURIKULUM MERDEKA,,,,,,,,,,63.73,Jakarta Utara
20103297,SMA NEGERI 42,JL. RAJAWALI,KURIKULUM MERDEKA,,,,,,,,,,57.47,Jakarta Timur
20102211,SMA NEGERI 43,JL. MINANGKABAU DALAM,KURIKULUM MERDEKA,,,,,,,,,,57.64,Jakarta Selatan
20103298,SMA NEGERI 44,JL. DELIMA IV PERUM KLENDER,KURIKULUM MERDEKA,,,,,,,,,,65.15,Jakarta Timur
20100812,SMA NEGERI 45,JL. PERINTIS KEMERDEKAAN,KURIKULUM MERDEKA,,,,,,,,,,57.8,Jakarta Utara
20102210,SMA NEGERI 46,JL. MESJID DARUSSALAM,KURIKULUM MERDEKA,,,,,,,,,,57.61,Jakarta Selatan
20102193,SMA NEGERI 47,JL. DELMAN UTAMA I,KURIKULUM MERDEKA,,,,,,,,,,70.57,Jakarta Selatan
20103314,SMA NEGERI 48,JL. PINANGRANTI II,KURIKULUM MERDEKA,,,,,,,,,,72.39,Jakarta Timur
20102592,SMA NEGERI 49,JL. PEPAYA 9,KURIKULUM MERDEKA,,,,,,,,,,64.53,Jakarta Selatan
20103313,SMA NEGERI 50,JL. PLN,KURIKULUM MERDEKA,,,,,,,,,,60.05,Jakarta Timur
20103312,SMA NEGERI 51,JL. BATU AMPAR III,KURIKULUM MERDEKA,,,,,,,,,,58.5,Jakarta Timur
20100797,SMA NEGERI 52,JL. RAYA TUGU SEMPER,KURIKULUM MERDEKA,,,,,,,,,,65.61,Jakarta Utara
20103311,SMA NEGERI 53,JL. CIPINANG JAYA 2B,KURIKULUM MERDEKA,,,,,,,,,,57.61,Jakarta Timur
20103310,SMA NEGERI 54,JL. JATINEGARA TIMUR IV,KURIKULUM MERDEKA,,,,,,,,,,60.81,Jakarta Timur
20102575,SMA NEGERI 55,JL. MINYAK RAYA,KURIKULUM MERDEKA,,,,,,,,,,67.21,Jakarta Selatan
20101605,SMA NEGERI 56,JL. KAMAL RAYA TEGAL ALUR,KURIKULUM MERDEKA,,,,,,,,,,56.53,Jakarta Barat
20101604,SMA NEGERI 57,JL. RAYA KEDOYA,KURIKULUM MERDEKA,,,,,,,,,,57.88,Jakarta Barat
20103309,SMA NEGERI 58,JL. RAYA CIRACAS,KURIKULUM MERDEKA,,,,,,,,,,65.46,Jakarta Timur
20103308,SMA NEGERI 59,JL. BULAK TIMUR I NO.10-11,KURIKULUM MERDEKA,,,,,,,,,,57.47,Jakarta Timur
20102573,SMA NEGERI 60,JL. KEMANG TIMUR I NO.6,KURIKULUM MERDEKA,,,,,,,,,,62.12,Jakarta Selatan
20103307,SMA NEGERI 61,JL. TARUNA PAH. REVOLUSI,KURIKULUM MERDEKA,,,,,,,,,,72.06,Jakarta Timur
20103306,SMA NEGERI 62,JL. RAYA BOGOR KM. 20,KURIKULUM MERDEKA,,,,,,,,,,61.76,Jakarta Timur
20102572,SMA NEGERI 63,JL. AMD V MANUNGGAL V/57,KURIKULUM MERDEKA,,,,,,,,,,64.66,Jakarta Selatan
20103305,SMA NEGERI 64,JL. RAYA CIPAYUNG,KURIKULUM MERDEKA,,,,,,,,,,60.52,Jakarta Timur
20101589,SMA NEGERI 65,JL. RAYA PANJANG,KURIKULUM MERDEKA,,,,,,,,,,67.63,Jakarta Barat
20102571,SMA NEGERI 66,JL. BANGO III,KURIKULUM MERDEKA,,,,,,,,,,62.73,Jakarta Selatan
20103304,SMA NEGERI 67,JL. SQUADRON HALIM PK,KURIKULUM MERDEKA,,,,,,,,,,63.31,Jakarta Timur
20100199,SMA NEGERI 68,JL SALEMBA RAYA NO 18,KURIKULUM MERDEKA,,,,,,,,,,76.28,Jakarta Pusat
20107185,SMA NEGERI 69 (KEPULAUAN SERIBU),PULAU PRAMUKA RT 002 RW 005,KURIKULUM MERDEKA,,,,,,,,,,59.13,Kepulauan Seribu
20102570,SMA NEGERI 70,JL. BULUNGAN BLOK C NO.1,KURIKULUM MERDEKA,,,,,,,,,,70.01,Jakarta Selatan
20103303,SMA NEGERI 71,JL. H. DOGOL KAV. TNI-AL,KURIKULUM MERDEKA,,,,,,,,,,68.64,Jakarta Timur
20100796,SMA NEGERI 72,JL. PRIHATIN KOMP. TNI AL,KURIKULUM MERDEKA,,,,,,,,,,64.4,Jakarta Utara
20100795,SMA NEGERI 73,JL. RAYA CAKUNG CILINCING NO.1,KURIKULUM MERDEKA,,,,,,,,,,59.75,Jakarta Utara
20102569,SMA NEGERI 74,JL. DARMA PUTRA XI,KURIKULUM MERDEKA,,,,,,,,,,56.36,Jakarta Selatan
20100779,SMA NEGERI 75,JL. TIPAR CAKUNG,KURIKULUM MERDEKA,,,,,,,,,,62.3,Jakarta Utara
20103302,SMA NEGERI 76,JL. TIPAR CAKUNG,KURIKULUM MERDEKA,,,,,,,,,,55.82,Jakarta Timur
20100201,SMA NEGERI 77,JL. CEMPAKA PUTIH TENGAH,KURIKULUM MERDEKA,,,,,,,,,,69.35,Jakarta Pusat
20101588,SMA NEGERI 78,JL. BHAKTI IV/1 KOMPLEK PAJAK,KURIKULUM MERDEKA,,,,,,,,,,71.46,Jakarta Barat
20107320,SMA NEGERI 79,JL. MENTENG PULO UJUNG,KURIKULUM MERDEKA,,,,,,,,,,56.53,Jakarta Selatan
20100780,SMA NEGERI 80,JL. SUNTER KARYA SELATAN V NO.80,KURIKULUM MERDEKA,,,,,,,,,,64.96,Jakarta Utara
20103301,SMA NEGERI 81,"JL. KARTIKA EKA PAKSI, KPAD",KURIKULUM MERDEKA,,,,,,,,,,77.47,Jakarta Timur
20102566,SMA NEGERI 82,JL. DAHA II/15A,KURIKULUM MERDEKA,,,,,,,,,,58.65,Jakarta Selatan
20100781,SMA NEGERI 83,JL. TIPAR CAKUNG,KURIKULUM MERDEKA,,,,,,,,,,55.26,Jakarta Utara
20101587,SMA NEGERI 84,JL. PETA BARAT NO.42,KURIKULUM MERDEKA,,,,,,,,,,61.96,Jakarta Barat
20101586,SMA NEGERI 85,JL. SRENGSENG RAYA,KURIKULUM MERDEKA,,,,,,,,,,61.7,Jakarta Barat
20102565,SMA NEGERI 86,JL. BINTARO PERMAI IV NO.36,KURIKULUM MERDEKA,,,,,,,,,,57.32,Jakarta Selatan
20102564,SMA NEGERI 87,JL. MAWAR II BINTARO,KURIKULUM MERDEKA,,,,,,,,,,57.83,Jakarta Selatan
20103300,SMA NEGERI 88,JL. SAWO INDAH,KURIKULUM MERDEKA,,,,,,,,,,59.27,Jakarta Timur
20103299,SMA NEGERI 89,JL. KAYU TINGGI,KURIKULUM MERDEKA,,,,,,,,,,65.39,Jakarta Timur
20102563,SMA NEGERI 90,JL. SABAR PETUKANGAN,KURIKULUM MERDEKA,,,,,,,,,,65.36,Jakarta Selatan
20103278,SMA NEGERI 91,JL. LEMBAH LONTAR,KURIKULUM MERDEKA,,,,,,,,,,64.26,Jakarta Timur
20100782,SMA NEGERI 92,JL. KOMPLEK PEMADAM KEBAKARAN,KURIKULUM MERDEKA,,,,,,,,,,60.93,Jakarta Utara
20103258,SMA NEGERI 93,JL. RAYA BOGOR KOMPLEK PASPAMPRES,KURIKULUM MERDEKA,,,,,,,,,,57.47,Jakarta Timur
20101585,SMA NEGERI 94,JL. RAYA SEMANAN,KURIKULUM MERDEKA,,,,,,,,,,64.45,Jakarta Barat
20101584,SMA NEGERI 95,JL. SATU MARETNO.49,KURIKULUM MERDEKA,,,,,,,,,,62.93,Jakarta Barat
20101583,SMA NEGERI 96,JL. JATI RAYA 40,KURIKULUM MERDEKA,,,,,,,,,,62.29,Jakarta Barat
20102562,SMA NEGERI 97,JL. BRIGIF 2,KURIKULUM MERDEKA,,,,,,,,,,63.73,Jakarta Selatan
20103257,SMA NEGERI 98,JL. JAHA NO.1,KURIKULUM MERDEKA,,,,,,,,,,61.16,Jakarta Timur
20103256,SMA NEGERI 99,JL. CIBUBUR II,KURIKULUM MERDEKA,,,,,,,,,,66.56,Jakarta Timur
20103294,SMA NEGERI 100,JL. PERSATUAN 2,KURIKULUM MERDEKA,,,,,,,,,,57.45,Jakarta Timur
20101627,SMA NEGERI 101,JL. KOMPLEKS JOGLO BARU,KURIKULUM MERDEKA,,,,,,,,,,58.35,Jakarta Barat
20103293,SMA NEGERI 102,JL. KAYUTINGGI,KURIKULUM MERDEKA,,,,,,,,,,59.75,Jakarta Timur
20103292,SMA NEGERI 103,JL. MAWAR MERAH,KURIKULUM MERDEKA,,,,,,,,,,63.09,Jakarta Timur
20103291,SMA NEGERI 104,JL. H. TAIMAN BARAT,KURIKULUM MERDEKA,,,,,,,,,,57.23,Jakarta Timur
20103290,SMA NEGERI 105,JL. USMAN,KURIKULUM MERDEKA,,,,,,,,,,58.91,Jakarta Timur
20103289,SMA NEGERI 106,JL. GANDARIA I,KURIKULUM MERDEKA,,,,,,,,,,57.52,Jakarta Timur
20103288,SMA NEGERI 107,JL. KAMP. RAWA BADUNG TIMUR,KURIKULUM MERDEKA,,,,,,,,,,55.1,Jakarta Timur
20102230,SMA NEGERI 108,JL. KESADARAN ULUJAMI RAYA,KURIKULUM MERDEKA,,,,,,,,,,61.89,Jakarta Selatan
20102219,SMA NEGERI 109,JL. GARDU NO. 31,KURIKULUM MERDEKA,,,,,,,,,,57.73,Jakarta Selatan
20100802,SMA NEGERI 110,JL. BENDUNGAN MELAYU,KURIKULUM MERDEKA,,,,,,,,,,64.71,Jakarta Utara
20100803,SMA NEGERI 111,JL. BANDENGAN UTARA NO. 80,KURIKULUM MERDEKA,,,,,,,,,,56.3,Jakarta Utara
20101626,SMA NEGERI 112,JL. SANGGRAHAN NO. 2,KURIKULUM MERDEKA,,,,,,,,,,64.05,Jakarta Barat
20103286,SMA NEGERI 113,JL. ALBAIDO,KURIKULUM MERDEKA,,,,,,,,,,68.64,Jakarta Timur
20100804,SMA NEGERI 114,JL. PEDONGKELAN NO.25,KURIKULUM MERDEKA,,,,,,,,,,58.02,Jakarta Utara
20100805,SMA NEGERI 115,JL. ROROTAN X ROROTAN,KURIKULUM MERDEKA,,,,,,,,,,56.14,Jakarta Utara
70053381,SMA NEGERI 116,"JL. SD III, RT. 02, RW. 08",KURIKULUM MERDEKA,,,,,,,,,,55.54,Jakarta Selatan
70054019,SMA NEGERI 117,JALAN CIASEM NO 2,KURIKULUM MERDEKA,,,,,,,,,,57,Jakarta Pusat
