NPSN;NAMA SEKOLAH;ALAMAT;DAFTAR KOMPETENSI;DAFTAR KOMPETENSI2;DAFTAR KOMPETENSI3;DAFTAR KOMPETENSI4;DAFTAR KOMPETENSI5;DAFTAR KOMPETENSI6;DAFTAR KOMPETENSI7;DAFTAR KOMPETENSI8;DAFTAR KOMPETENSI9;DAFTAR KOMPETENSI10;Domisili;Rerata prestasi akademik;Rerata prestasi nonakademik;rerata tahap kedua;rerata afirmasi;rerata zonasi;akreditasi;daya tampung prestasi akademik;daya tampung prestasi nonakademik;daya tampung tahap kedua;daya tampung afirmasi;daya tampung zonasi
20100143;SMK NEGERI 1;JL. BUDI UTOMO NO 7 JAKARTA PUSAT;Teknik Konstruksi dan Perumahan; Desain Pemodelan dan Informasi Bangunan; Teknik Instalasi Tenaga Listrik; Teknik Pemesinan; Desain Gambar Mesin; Teknik Kendaraan Ringan; Rekayasa Perangkat Lunak; Sistem Informasi. Jaringan dan Aplikasi; Teknik Komputer dan Jaringan; Desain Komunikasi Visual;Jakarta Pusat;62.83;70.09;50.45;50.77;;A;302 murid;40 murid;204 murid;35 murid;
20100161;SMK NEGERI 2;JL. BATU NO. 3;Rekayasa Perangkat Lunak; Desain Komunikasi Visual; Manajemen Perkantoran; Akuntansi; Bisnis Retail;;;;;;Jakarta Pusat;58.97;62.20;49.65;50.83;;A;133 murid;19 murid;86 murid;11 murid;
20100164;SMK NEGERI 3;JL. GARUDA NO. 63;Teknik Komputer dan Jaringan; Manajemen Perkantoran; Akuntansi; Bisnis Retail;;;;;;;Jakarta Pusat;62.24;61.75;49.53;50.26;;A;76 murid;10 murid;46 murid;5 murid;
20107436;SMK NEGERI 4;JL. ROROTAN 6 NO.1. JAKARTA UTARA;Desain dan Teknik Furnitur; Teknik Konstruksi dan Perumahan; Teknik Instalasi Tenaga Listrik; Teknik Pemesinan; Teknik Pengelasan; Teknik Kendaraan Ringan; Teknik Audio Video; Teknik Elektronika Industri; Teknik Mekatronika; Teknik Komputer dan Jaringan;Jakarta Utara;61.58;67.64;51.98;51.93;;A;285 murid;39 murid;186 murid;19 murid;
20103783;SMK NEGERI 5;JL. PISANGAN TIMUR VII;Teknik Instalasi Tenaga Listrik; Teknik Pemesinan; Teknik Kendaraan Ringan; Teknik Pemanasan. Tata Udara. dan Pendinginan; Teknik Audio Video; Teknik Sepeda Motor;;;;;Jakarta Timur;54.34;67.15;50.31;49.85;;A;190 murid;26 murid;124 murid;20 murid;
20102579;SMK NEGERI 6;JL. PROF JOKO SUTONO SH NO.2 A. KEB. BARU JAKARTA SELATAN;Rekayasa Perangkat Lunak; Desain Komunikasi Visual; Animasi; Manajemen Perkantoran; Akuntansi; Bisnis Retail;;;;;Jakarta Selatan;61.27;70.03;50.65;51.63;;A;171 murid;24 murid;112 murid;8 murid;
20103778;SMK NEGERI 7;JL. TENGGIRI NO. 1 RAWAMANGUN;Teknik Grafika; Teknik Komputer dan Jaringan; Desain Komunikasi Visual;;;;;;;;Jakarta Timur;54.58;62.68;51.00;49.48;;A;151 murid;19 murid;94 murid;14 murid;
20102597;SMK NEGERI 8;JL. RAYA PEJATEN. JAKARTA SELATAN;Usaha Layanan Wisata; Manajemen Perkantoran; Akuntansi; Bisnis Retail; Bisnis Digital; Rekayasa Perangkat Lunak; Manajemen Logistik;;;;Jakarta Selatan;60.03;66.71;54.81;52.20;;A;190 murid;28 murid;127 murid;10 murid;
20101496;SMK NEGERI 9;JL. GEDONG PANJANG 2 NO. 17;Desain Komunikasi Visual; Usaha Layanan Wisata; Manajemen Perkantoran; Akuntansi; Bisnis Retail; Bisnis Digital;;;;;Jakarta Barat;58.96;64.52;50.53;50.63;;A;114 murid;18 murid;71 murid;9 murid;
20103791;SMK NEGERI 10;JL. SMEA 6 MAYJEND SUTOYO;Rekayasa Perangkat Lunak; Manajemen Perkantoran; Manajemen Logistik; Akuntansi; Bisnis Retail; Bisnis Digital;;;;;Jakarta Timur;61.12;62.50;51.61;49.96;;A;133 murid;20 murid;81 murid;2 murid;
20101504;SMK NEGERI 11;JL. PINANGSIA I NO. 20;Manajemen Perkantoran; Akuntansi; Bisnis Retail;;;;;;;;Jakarta Barat;55.38;57.62;50.26;52.86;;A;114 murid;15 murid;71 murid;8 murid;
20100783;SMK NEGERI 12;JL. KEBON BAWANG 15;Rekayasa Perangkat Lunak; Manajemen Perkantoran; Akuntansi; Bisnis Retail;;;;;;;Jakarta Utara;60.87;64.22;51.31;51.85;;A;133 murid;18 murid;78 murid;6 murid;
20101503;SMK NEGERI 13;JL. RAWA BELONG 2;Usaha Layanan Wisata; Manajemen Perkantoran; Akuntansi; Bisnis Retail; Desain Komunikasi Visual;;;;;;Jakarta Barat;58.07;65.18;51.71;51.74;;A;190 murid;26 murid;118 murid;6 murid;
20100158;SMK NEGERI 14;JL.PERCETAKAN NEGARA NO.2A.JOHAR BARU. JAKARTA PUSAT;Desain Komunikasi Visual; Manajemen Perkantoran; Akuntansi; Bisnis Retail;;;;;;;Jakarta Pusat;61.45;60.52;50.50;52.57;;A;171 murid;23 murid;112 murid;8 murid;
20102578;SMK NEGERI 15;JL. MATARAM 1;Rekayasa Perangkat Lunak; Manajemen Perkantoran; Akuntansi; Bisnis Retail;;;;;;;Jakarta Selatan;51.98;58.65;49.70;48.61;;A;133 murid;18 murid;93 murid;10 murid;
20100159;SMK NEGERI 16;JL. TAMAN AMIR HAMZAH;Desain Komunikasi Visual; Manajemen Perkantoran; Akuntansi; Bisnis Retail;;;;;;;Jakarta Pusat;56.47;65.05;50.76;49.98;;A;114 murid;16 murid;70 murid;8 murid;
20101502;SMK NEGERI 17;JL. G. SLIPI. SLIPI;Rekayasa Perangkat Lunak; Manajemen Perkantoran; Akuntansi; Bisnis Retail;;;;;;;Jakarta Barat;56.72;60.99;50.25;50.32;;A;114 murid;16 murid;68 murid;6 murid;
20102589;SMK NEGERI 18;JLN. CIPUTAT RAYA KOMP. BANK MANDIRI;Desain Komunikasi Visual; Manajemen Perkantoran; Akuntansi; Bisnis Retail;;;;;;;Jakarta Selatan;54.14;58.98;50.12;49.10;;A;113 murid;16 murid;78 murid;10 murid;
20100160;SMK NEGERI 19;JL. DANAU LIMBOTO NO. 11;Produksi Film; Manajemen Perkantoran; Akuntansi; Bisnis Retail;;;;;;;Jakarta Pusat;61.85;61.07;50.23;49.51;;A;114 murid;15 murid;69 murid;11 murid;
20102587;SMK NEGERI 20;JL. MELATI NO.24. JAKARTA SELATAN;Manajemen Perkantoran; Akuntansi; Bisnis Retail; Bisnis Digital; Layanan Perbankan Syariah; Rekayasa Perangkat Lunak; Manajemen Logistik;;;;Jakarta Selatan;57.94;61.99;51.50;50.55;;A;152 murid;23 murid;100 murid;11 murid;
20100162;SMK NEGERI 21;JL. SIAGA I GG. SWADAYA III;Rekayasa Perangkat Lunak; Manajemen Perkantoran; Akuntansi; Bisnis Retail;;;;;;;Jakarta Pusat;59.74;58.37;49.43;48.17;;A;92 murid;11 murid;63 murid;13 murid;
20103790;SMK NEGERI 22;JL. RAYA CONDET;Teknik Komputer dan Jaringan; Manajemen Perkantoran; Akuntansi; Bisnis Digital;;;;;;;Jakarta Timur;56.07;65.67;52.70;50.55;;A;114 murid;16 murid;68 murid;7 murid;
20107433;SMK NEGERI 23;JL. PEDAMENGAN III/19;Desain dan Produksi Busana; Manajemen Perkantoran; Akuntansi; Bisnis Retail; Bisnis Digital;;;;;;Jakarta Utara;60.85;59.21;55.13;49.47;;A;133 murid;19 murid;90 murid;14 murid;
20103788;SMK NEGERI 24;JL. BAMBU WULUNG;Rekayasa Perangkat Lunak; Usaha Layanan Wisata; Perhotelan; Kuliner; Desain dan Produksi Busana;;;;;;Jakarta Timur;55.51;64.82;51.95;49.80;;A;228 murid;31 murid;139 murid;20 murid;
20102586;SMK NEGERI 25;JL. RAYA RAGUNAN;Manajemen Perkantoran; Akuntansi; Bisnis Digital; Desain Komunikasi Visual;;;;;;;Jakarta Selatan;57.15;63.22;51.39;50.28;;A;95 murid;14 murid;64 murid;6 murid;
20103787;SMK NEGERI 26;JL. BALAI PUSTAKA BARU I. JAKARTA TIMUR;Konstruksi Gedung dan Sanitasi; Teknik Instalasi Tenaga Listrik; Teknik Fabrikasi Logam dan Manufaktur; Teknik Kendaraan Ringan; Sistem Informasi. Jaringan dan Aplikasi; Teknik Elektronika Komunikasi; Teknik Bodi Kendaraan Ringan;;;;Jakarta Timur;64.15;72.97;54.00;56.19;;A;227 murid;31 murid;142 murid;14 murid;
20100163;SMK NEGERI 27;JL. DR. SUTOMO NO 1. JAKARTA PUSAT;Usaha Layanan Wisata; Perhotelan; Kuliner; Tata Kecantikan Kulit dan Rambut; Desain dan Produksi Busana; Desain Komunikasi Visual;;;;;Jakarta Pusat;60.54;67.91;51.93;51.85;;A;228 murid;32 murid;143 murid;17 murid;
20102585;SMK NEGERI 28;JL. MARITIM NO. 26;Layanan Penunjang Keperawatan dan Caregiving; Pekerjaan Sosial; Perhotelan; Kuliner;;;;;;;Jakarta Selatan;57.18;60.88;50.26;50.16;;A;171 murid;23 murid;112 murid;17 murid;
20102602;SMK NEGERI 29;JL. PROF. JOKOSUTONO. SH NO. 1. JAKARTA SELATAN;Teknik Pemanasan. Tata Udara. dan Pendinginan; Airframe Powerplant; Electrical Avionic; Teknik Elektronika Industri;;;;;;;Jakarta Selatan;55.75;62.95;50.43;49.45;;A;188 murid;24 murid;127 murid;35 murid;
20102582;SMK NEGERI 30;JL. PAKU BUWONO 6 KEBAYORAN. DKI JKT. JAKARTA SELATAN;Perhotelan; Kuliner; Desain dan Produksi Busana;;;;;;;;Jakarta Selatan;59.23;60.69;50.36;50.24;;A;114 murid;14 murid;69 murid;8 murid;
20100165;SMK NEGERI 31;JL. KRAMAT JAYA BARU BLOK D II;Animasi; Desain Komunikasi Visual; Manajemen Perkantoran; Akuntansi; Layanan Perbankan; Bisnis Retail;;;;;Jakarta Pusat;51.51;57.12;49.94;48.91;;A;114 murid;16 murid;73 murid;6 murid;
20102581;SMK NEGERI 32;JL. TEBET DALAM 4 NO. 1;Perhotelan; Kuliner; Desain dan Produksi Busana;;;;;;;;Jakarta Selatan;53.8;65.28;50.37;50.21;;A;133 murid;18 murid;79 murid;10 murid;
20107434;SMK NEGERI 33;JL. GADING MAS TIMUR DUA. JAKARTA UTARA;Usaha Layanan Wisata; Perhotelan; Kuliner; Desain dan Produksi Busana;;;;;;;Jakarta Utara;58.31;58.53;50.95;50.40;;A;114 murid;16 murid;70 murid;9 murid;
20100166;SMK NEGERI 34;JL. KRAMAT RAYA NO. 93;Teknik Instalasi Tenaga Listrik; Teknik Pemesinan; Teknik Kendaraan Ringan; Teknik Sepeda Motor; Desain Komunikasi Visual;;;;;;Jakarta Pusat;59.79;61.08;49.54;49.47;;A;133 murid;19 murid;85 murid;8 murid;
20101501;SMK NEGERI 35;JL. KERAJINAN NO. 42;Desain Pemodelan dan Informasi Bangunan; Teknik Instalasi Tenaga Listrik; Teknik Pemesinan; Teknik Kendaraan Ringan; Teknik Audio Video;;;;;;Jakarta Barat;53.71;65.19;49.86;49.51;;A;190 murid;25 murid;126 murid;22 murid;
20107435;SMK NEGERI 36;JL. BARU KOSAMBI III;Teknik Pemesinan; Teknik Kendaraan Ringan; Teknik Alat Berat; Nautika Kapal Penangkapan Ikan; Teknika Kapal Penangkapan Ikan; Teknik Komputer dan Jaringan; Desain Komunikasi Visual; Agribisnis Ikan Hias;;;Jakarta Utara;58.47;63.27;50.85;50.08;;A;152 murid;24 murid;96 murid;18 murid;
20102601;SMK NEGERI 37;JL. PERTANIAN 3;Perhotelan; Kuliner; Desain dan Produksi Busana;;;;;;;;Jakarta Selatan;53.06;61.85;51.59;49.09;;A;133 murid;17 murid;84 murid;10 murid;
20100167;SMK NEGERI 38;JL. KARET PASAR BARU TIMUR 2 - KARET TENGSIN - TANAH ABANG. JAKARTA PUSAT 10220;Perhotelan; Kuliner; Desain dan Produksi Busana;;;;;;;;Jakarta Pusat;54.29;59.41;49.40;48.72;;A;114 murid;15 murid;73 murid;14 murid;
20100168;SMK NEGERI 39;JL. CEMPAKA PUTIH TENGAH VI NO. 2;Teknik Kendaraan Ringan; Teknik Sepeda Motor; Teknik Audio Video; Teknik Elektronika Industri; Teknik Elektronika Komunikasi;;;;;;Jakarta Pusat;53.18;59.23;49.65;48.35;;A;152 murid;21 murid;99 murid;13 murid;
20103786;SMK NEGERI 40;JL. NANAS I UTAN KAYU;Rekayasa Perangkat Lunak; Desain Komunikasi Visual; Manajemen Perkantoran; Akuntansi; Bisnis Retail;;;;;;Jakarta Timur;54.4;57.39;49.52;49.63;;A;114 murid;17 murid;70 murid;8 murid;
20102580;SMK NEGERI 41;JL. MARGASATWA KOMPLEK TIMAH;Desain Komunikasi Visual; Manajemen Perkantoran; Akuntansi; Bisnis Retail; Bisnis Digital;;;;;;Jakarta Selatan;58.57;63.87;51.63;50.49;;A;131 murid;16 murid;85 murid;9 murid;
20101500;SMK NEGERI 42;JL. KAMAL RAYA;Produksi dan Siaran Program Radio; Manajemen Perkantoran; Akuntansi; Bisnis Retail;;;;;;;Jakarta Barat;62.08;67.57;52.09;53.13;;A;133 murid;18 murid;87 murid;7 murid;
20102600;SMK NEGERI 43;JL. CIPULIR 1;Teknik Komputer dan Jaringan; Manajemen Logistik; Akuntansi; Bisnis Retail; Rekayasa Perangkat Lunak;;;;;;Jakarta Selatan;54.87;58.40;50.15;49.48;;A;95 murid;14 murid;60 murid;9 murid;
20100157;SMK NEGERI 44;JL. HARAPAN JAYA 9/5A;Teknik Komputer dan Jaringan; Manajemen Perkantoran; Akuntansi; Bisnis Retail;;;;;;;Jakarta Pusat;56.31;62.43;51.04;48.47;;A;114 murid;16 murid;74 murid;8 murid;
20101499;SMK NEGERI 45;JL. KPBD;Produksi dan Siaran Program Televisi; Manajemen Perkantoran; Akuntansi; Bisnis Retail; Desain Komunikasi Visual;;;;;;Jakarta Barat;61.33;67.00;51.12;51.32;;A;152 murid;21 murid;94 murid;8 murid;
20103785;SMK NEGERI 46;JL. B7 CIPINANG BESAR UTARA;Rekayasa Perangkat Lunak; Desain Komunikasi Visual; Manajemen Perkantoran; Akuntansi; Bisnis Retail;;;;;;Jakarta Timur;60.3;62.19;50.46;50.14;;A;152 murid;21 murid;99 murid;8 murid;
20102599;SMK NEGERI 47;JL. CONDET PEJATEN;Desain Komunikasi Visual; Produksi dan Siaran Program Televisi; Manajemen Perkantoran; Akuntansi; Bisnis Retail;;;;;;Jakarta Selatan;54;70.68;50.24;50.06;;A;133 murid;18 murid;87 murid;9 murid;
20103784;SMK NEGERI 48;JL. RAYA PERUMNAS KLENDER. JAKARTA TIMUR;Desain Komunikasi Visual; Produksi dan Siaran Program Televisi; Manajemen Perkantoran; Akuntansi; Bisnis Digital; Bisnis Retail;;;;;Jakarta Timur;62.51;63.31;52.36;52.29;;A;152 murid;21 murid;91 murid;6 murid;
20107437;SMK NEGERI 49;JL. SARANG BANGO NO. 1;Desain Komunikasi Visual; Bisnis Digital; Bisnis Retail; Manajemen Perkantoran; Manajemen Logistik; Layanan Perbankan Syariah; Akuntansi;;;;Jakarta Utara;60.48;68.13;51.30;53.21;;A;149 murid;17 murid;95 murid;21 murid;
20103782;SMK NEGERI 50;JL. CIPINANG MUARA NO. 1;Desain Komunikasi Visual; Manajemen Perkantoran; Akuntansi; Bisnis Retail; Bisnis Digital;;;;;;Jakarta Timur;54.65;67.20;50.97;50.63;;A;113 murid;15 murid;64 murid;7 murid;
20103781;SMK NEGERI 51;JL. SMEA 33 - SMIK;Produksi dan Siaran Program Televisi; Produksi Film; Desain Komunikasi Visual; Manajemen Perkantoran; Akuntansi; Bisnis Retail; Bisnis Digital;;;;Jakarta Timur;61.88;67.94;52.21;50.14;;A;171 murid;25 murid;110 murid;12 murid;
20103780;SMK NEGERI 52;JL. TARUNA JAYA;Desain Pemodelan dan Informasi Bangunan; Desain dan Teknik Furnitur; Teknik Pemesinan; Teknik Kendaraan Ringan;;;;;;;Jakarta Timur;57.1;63.35;50.38;48.69;;A;152 murid;20 murid;91 murid;27 murid;
20101498;SMK NEGERI 53;JL. FLAMBOYAN - CENGKARENG;Teknik Instalasi Tenaga Listrik; Teknik Pengelasan; Teknik Kendaraan Ringan; Teknik Sepeda Motor; Teknik Audio Video; Teknik Komputer dan Jaringan;;;;;Jakarta Barat;56.14;69.84;51.26;51.37;;A;208 murid;28 murid;134 murid;17 murid;
20100156;SMK NEGERI 54;JL. BENDUNGAN JAGO NO. 53;Teknik Pemanasan. Tata Udara. dan Pendinginan; Teknik Kendaraan Ringan; Teknik Komputer dan Jaringan;;;;;;;;Jakarta Pusat;56.5;57.53;49.39;49.21;;A;152 murid;20 murid;92 murid;13 murid;
20107438;SMK NEGERI 55;JL. PADEMANGAN TIMUR VII;Teknik Instalasi Tenaga Listrik; Teknik Kendaraan Ringan; Teknik Sepeda Motor; Desain Komunikasi Visual;;;;;;;Jakarta Utara;52.13;59.47;48.91;49.55;;A;132 murid;18 murid;88 murid;13 murid;
20107439;SMK NEGERI 56;JL. RAYA PLUIT TIMUR NO. 1. JAKARTA UTARA;Desain Pemodelan dan Informasi Bangunan; Teknik Instalasi Tenaga Listrik; Teknik Otomasi Industri; Teknik Pemesinan; Teknik Kendaraan Ringan; Teknik Ototronik; Teknik Mekatronika; Teknik Komputer dan Jaringan; Desain Komunikasi Visual;;Jakarta Utara;60.26;63.00;48.88;49.19;;A;244 murid;33 murid;159 murid;24 murid;
20102598;SMK NEGERI 57;JL. MARGASATWA NO. 38 B RAGUNAN. JAKARTA SELATAN;Usaha Layanan Wisata; Perhotelan; Kuliner;;;;;;;;Jakarta Selatan;65.05;65.14;52.56;51.25;;A;190 murid;25 murid;118 murid;9 murid;
20103779;SMK NEGERI 58;JL. SMIK BAMBU APUS / TMII CIPAYUNG JAKARTA TIMUR;Desain Pemodelan dan Informasi Bangunan; Teknik Fabrikasi Logam dan Manufaktur; Seni Lukis; Desain Komunikasi Visual; Kriya Kreatif Batik dan Tekstil; Kriya Kreatif Logam dan Perhiasan; Kriya Kreatif Kayu dan Rotan;;;;Jakarta Timur;56.77;62.13;52.32;48.61;;A;190 murid;27 murid;117 murid;20 murid;
20107358;SMK NEGERI 59;JL. PENINGGARAN BARAT I;Desain Komunikasi Visual; Bisnis Retail; Bisnis Digital;;;;;;;;Jakarta Selatan;55.58;53.50;49.43;48.88;;A;76 murid;11 murid;50 murid;7 murid;
20101497;SMK NEGERI 60;JL. DURI RAYA NO. 15;Usaha Layanan Wisata; Kuliner; Perhotelan;;;;;;;;Jakarta Barat;54.9;63.68;51.09;50.99;;A;114 murid;15 murid;69 murid;9 murid;
20109165;SMK NEGERI 61 (KEPULAUAN SERIBU);JL. PANTAI SELATAN NO.1 PULAU TIDUNG KEC. KEP. SERIBU SELATAN;Nautika Kapal Penangkapan Ikan; Nautika Kapal Niaga; Kuliner; Agribisnis Perikanan Payau dan Laut; Teknika Kapal Niaga;;;;;;Kepulauan Seribu;47.02;54.95;47.49;44.51;;A;95 murid;15 murid;64 murid;40 murid;
20109246;SMK NEGERI 62;JL. CAMAT GABUN 2;Desain Komunikasi Visual; Perhotelan; Manajemen Perkantoran; Akuntansi; Bisnis Retail;;;;;;Jakarta Selatan;58.54;61.71;51.72;51.25;;A;95 murid;14 murid;64 murid;6 murid;
20112443;SMK NEGERI 63;JL. ASELIH NO. 100 KECAMATAN JAGAKARSA. KOTA JAKARTA SELATAN;Agribisnis Tanaman Pangan dan Hortikultura; Agribisnis Perbenihan Tanaman; Agribisnis Lanskap dan Pertamanan; Agribisnis Pengolahan Hasil Pertanian;;;;;;;Jakarta Selatan;52.33;64.28;50.60;49.49;;A;152 murid;21 murid;105 murid;21 murid;
69992315;SMK NEGERI 64;JL. SMP 126 RT 10 RW 03 KEL. BATU AMPAR. KEC. KRAMATJATI. KOTA ADMINISTRASI JAKARTA TIMUR;Rekayasa Perangkat Lunak; Desain Komunikasi Visual;;;;;;;;;Jakarta Timur;56.4;54.84;50.86;48.82;;A;56 murid;7 murid;38 murid;11 murid;
69992316;SMK NEGERI 65;JL. IPN RT 09 RW 06 . KEL. CIPINANG BESAR SELATAN. KEC. JATINEGRA. KOTA ADMINISTRASI JAKARTA TIMUR;Rekayasa Perangkat Lunak; Desain Komunikasi Visual; Produksi Film;;;;;;;;Jakarta Timur;52.28;54.08;49.88;48.84;;A;114 murid;15 murid;73 murid;7 murid;
69992317;SMK NEGERI 66;JL. SPG 7 NO.33A RT 10 RW 09. KEL. LUBANG BUAYA. KEC. CIPAYUNG. KOTA ADMINISTRASI JAKARTA TIMUR;Usaha Layanan Wisata; Perhotelan; Kuliner;;;;;;;;Jakarta Timur;52.93;56.08;50.69;49.37;;A;114 murid;16 murid;67 murid;8 murid;
69992318;SMK NEGERI 67;JL. TELAGA RT 13 RW 09. KEL. PEKAYON. KEC. PASAR REBO. KAMPUNG DUKUH. KOTA ADM. JAKARTA TIMUR;Animasi; Desain Komunikasi Visual;;;;;;;;;Jakarta Timur;51.58;54.43;53.24;47.62;;B;76 murid;10 murid;50 murid;13 murid;
69992319;SMK NEGERI 68;JL. PENGANTIN ALI. RT 09 RW 06. KEL. CIRACAS. KEC. CIRACAS. KOTA ADM. JAKARTA TIMUR;Teknik Pengelasan; Teknik Fabrikasi Logam dan Manufaktur;;;;;;;;;Jakarta Timur;53.2;55.64;50.70;47.33;;A;76 murid;10 murid;48 murid;12 murid;
69992321;SMK NEGERI 69;JL. RADJIMAN WIDYODININGRAT RT 08 RW 09. KEL. JATINEGARA. KEC. CAKUNG KOTA ADM. JAKARTA TIMUR;Teknik Ototronik; Teknik Mekatronika; Sistem Informasi. Jaringan dan Aplikasi;;;;;;;;Jakarta Timur;58.52;69.30;50.75;50.19;;A;114 murid;15 murid;72 murid;7 murid;
69992314;SMK NEGERI 70;JL. TIPAR CAKUNG KAV. DKI RT 12 RW 04. KEL. PNDOK KELAPA. KEC. DUREN SAWIT. KOTA ADM. JAKARTA TIMUR;Perhotelan; Kuliner; Desain dan Produksi Busana;;;;;;;;Jakarta Timur;59.43;60.87;50.65;49.71;;A;57 murid;9 murid;30 murid;4 murid;
69992322;SMK NEGERI 71;JL. RADJIMAN WIDYODININGRAT PULO JAHE RT 12 RW 14. KEL. JATINEGARA. KEC. CAKUNG JAKARTA TIMUR;Desain Komunikasi Visual; Rekayasa Perangkat Lunak; Animasi;;;;;;;;Jakarta Timur;56.65;59.74;50.42;49.72;;A;95 murid;13 murid;59 murid;4 murid;
69992346;SMK NEGERI 72;JL. KAYU BESAR BULAK JATI NO. 18 RT. 008/012;Teknik Jaringan Tenaga Listrik; Teknik Pemanasan. Tata Udara. dan Pendinginan;;;;;;;;;Jakarta Barat;53.25;52.79;49.91;49.74;;B;76 murid;10 murid;52 murid;8 murid;
69992323;SMK NEGERI 73;JALAN BANGUN NUSA RAYA RT 11 RW 13 CENGKARENG TIMUR. JAKARTA BARAT;Usaha Layanan Wisata; Perhotelan; Kuliner;;;;;;;;Jakarta Barat;60.61;62.73;52.91;51.97;;A;114 murid;15 murid;70 murid;9 murid;
70054389;SMK NEGERI 74;JL. MOCH. KAHFI II. RT 11 RW 08;Seni Musik; Seni Tari; Seni Karawitan; Seni Teater;;;;;;;Jakarta Selatan;53.42;71.79;49.31;47.79;;Belum Terdaftar/Belum Terakreditasi;76 murid;11 murid;49 murid;14 murid;
20100216;SMA NEGERI 1;JL. BUDI UTOMO NO. 7;KURIKULUM MERDEKA;;;;;;;;;;Jakarta Pusat;66.04;65.68;95.97;96.63;91.66;A;70 murid;20 murid;12 murid;77 murid;98 murid
20101622;SMA NEGERI 2;JL. GAJAH MADA NO. 175;KURIKULUM MERDEKA;;;;;;;;;;Jakarta Barat;69.12;65.08;93.33;94.40;92.10;A;61 murid;17 murid;12 murid;62 murid;85 murid
20102216;SMA NEGERI 3;JL. SETIABUDI II. JAKARTA SELATAN;KURIKULUM MERDEKA;;;;;;;;;;Jakarta Selatan;66.65;66.2;94.23;94.25;90.965;A;79 murid;22 murid;21 murid;93 murid;110 murid
20100211;SMA NEGERI 4;JL. BATU 3;KURIKULUM MERDEKA;;;;;;;;;;Jakarta Pusat;61.5;62.19;86.88;91.75;87.95;A;53 murid;15 murid;11 murid;61 murid;74 murid
20100210;SMA NEGERI 5;JL. RAYA SUMUR BATU;KURIKULUM MERDEKA;;;;;;;;;;Jakarta Pusat;65.46;60.9;91.60;95.10;91.25;A;72 murid;20 murid;11 murid;75 murid;100 murid
20102574;SMA NEGERI 6;JL. MAHAKAM I/2 BLOK C;KURIKULUM MERDEKA;;;;;;;;;;Jakarta Selatan;69.64;66.07;96.50;95.33;92.465;A;79 murid;22 murid;20 murid;93 murid;110 murid
20100200;SMA NEGERI 7;JL. KARET PS. BARU BARAT V;KURIKULUM MERDEKA;;;;;;;;;;Jakarta Pusat;56.9;56.21;86.95;93.63;86.775;A;52 murid;15 murid;17 murid;54 murid;73 murid
20102568;SMA NEGERI 8;JL TAMAN BUKIT DURI TEBET;KURIKULUM MERDEKA;;;;;;;;;;Jakarta Selatan;81.47;76.44;98.28;96.85;95.575;A;88 murid;25 murid;18 murid;103 murid;123 murid
20103279;SMA NEGERI 9;JL. SMU NEGERI 9 JAKARTA HALIM PERDANA KUSUMA;KURIKULUM MERDEKA;;;;;;;;;;Jakarta Timur;60.69;59.94;87.55;91.05;89.915;A;62 murid;17 murid;12 murid;66 murid;87 murid
20100217;SMA NEGERI 10;JL. MANGGA BESAR XIII;KURIKULUM MERDEKA;;;;;;;;;;Jakarta Pusat;56.06;57.29;87.35;88.98;85.515;A;43 murid;12 murid;17 murid;43 murid;59 murid
20103287;SMA NEGERI 11;JL. PENDIDIKAN;KURIKULUM MERDEKA;;;;;;;;;;Jakarta Timur;62.94;57.93;87.83;91.20;91.255;A;53 murid;15 murid;15 murid;53 murid;74 murid
20103285;SMA NEGERI 12;JL. PERTANIAN;KURIKULUM MERDEKA;;;;;;;;;;Jakarta Timur;64.65;63.41;92.35;91.75;92.63;A;53 murid;15 murid;11 murid;61 murid;74 murid
20100806;SMA NEGERI 13;JALAN SEROJA NO. 1. RAWA BADAK UTARA;KURIKULUM MERDEKA;;;;;;;;;;Jakarta Utara;72.01;67.6;95.73;91.40;94.665;A;71 murid;20 murid;6 murid;69 murid;99 murid
20103284;SMA NEGERI 14;JL. SMA BARAT;KURIKULUM MERDEKA;;;;;;;;;;Jakarta Timur;64.96;65.51;94.58;94.20;93.78;A;61 murid;17 murid;17 murid;67 murid;86 murid
20100807;SMA NEGERI 15;JL. AGUNG UTARA STS BLOK A;KURIKULUM MERDEKA;;;;;;;;;;Jakarta Utara;56.47;57.55;85.25;93.08;89.345;A;54 murid;15 murid;9 murid;62 murid;75 murid
20101625;SMA NEGERI 16;JL. BELIBIS TERUSAN NO. 16;KURIKULUM MERDEKA;;;;;;;;;;Jakarta Barat;58.52;57.34;89.65;92.82;91.54;A;61 murid;17 murid;22 murid;66 murid;85 murid
20101624;SMA NEGERI 17;JL. MANGGA BESAR IV/I NO. 27 TAMAN SARI JAKARTA BARAT;KURIKULUM MERDEKA;;;;;;;;;;Jakarta Barat;56.2;57.05;86.42;91.25;87.56;A;44 murid;12 murid;14 murid;51 murid;61 murid
20100809;SMA NEGERI 18;JL. WARAKAS I;KURIKULUM MERDEKA;;;;;;;;;;Jakarta Utara;56.17;59.14;85.68;94.55;90.205;A;62 murid;17 murid;14 murid;68 murid;86 murid
20101623;SMA NEGERI 19;JL. PERNIAGAAN NO. 31;KURIKULUM MERDEKA;;;;;;;;;;Jakarta Barat;57.46;56.82;86.87;92.55;87.85;A;53 murid;15 murid;14 murid;53 murid;74 murid
20100218;SMA NEGERI 20;JL. KREKOT BUNDER III/1;KURIKULUM MERDEKA;;;;;;;;;;Jakarta Pusat;56.26;57.92;86.02;90.27;85.575;A;44 murid;12 murid;12 murid;51 murid;61 murid
20103283;SMA NEGERI 21;JL. TANAH MAS RAYA NO. 1;KURIKULUM MERDEKA;;;;;;;;;;Jakarta Timur;70.19;70.08;96.40;95.60;94.725;A;71 murid;20 murid;9 murid;84 murid;99 murid
20103282;SMA NEGERI 22;JL. KRAMAT ASEM;KURIKULUM MERDEKA;;;;;;;;;;Jakarta Timur;57.71;58.08;86.62;91.85;88.40;A;70 murid;20 murid;30 murid;77 murid;98 murid
20101621;SMA NEGERI 23;JL. MANDALA UTARA;KURIKULUM MERDEKA;;;;;;;;;;Jakarta Barat;57.76;58.48;89.25;92.37;89.485;A;53 murid;15 murid;16 murid;52 murid;74 murid
20100219;SMA NEGERI 24;JL. LAPANGAN TEMBAK SENAYAN;KURIKULUM MERDEKA;;;;;;;;;;Jakarta Pusat;62.29;58.28;89.18;94.23;89.945;A;44 murid;12 murid;13 murid;48 murid;61 murid
20100221;SMA NEGERI 25;JL. AM. SANGAJI NO. 22-24;KURIKULUM MERDEKA;;;;;;;;;;Jakarta Pusat;57.25;56.32;86.40;87.70;87.60;A;44 murid;12 murid;6 murid;50 murid;61 murid
20102218;SMA NEGERI 26;JL. TEBET BARAT IV;KURIKULUM MERDEKA;;;;;;;;;;Jakarta Selatan;69.18;66.07;94.45;95.22;93.84;A;53 murid;15 murid;10 murid;53 murid;74 murid
20100223;SMA NEGERI 27;JL. MARDANI RAYA;KURIKULUM MERDEKA;;;;;;;;;;Jakarta Pusat;60.75;59.21;88.13;92.82;88.455;A;61 murid;17 murid;16 murid;60 murid;86 murid
20107319;SMA NEGERI 28;JL RAYA RAGUNAN. JAKARTA SELATAN;KURIKULUM MERDEKA;;;;;;;;;;Jakarta Selatan;76.98;72.59;96.15;97.98;96.30;A;62 murid;17 murid;12 murid;72 murid;86 murid
20102217;SMA NEGERI 29;JL. KRAMAT NO.6;KURIKULUM MERDEKA;;;;;;;;;;Jakarta Selatan;61.31;61.01;91.65;94.50;92.105;A;62 murid;17 murid;9 murid;74 murid;87 murid
20100224;SMA NEGERI 30;JL. JEND. A. YANI;KURIKULUM MERDEKA;;;;;;;;;;Jakarta Pusat;61.7;60.25;88.52;90.98;90.00;A;70 murid;20 murid;17 murid;75 murid;98 murid
20103281;SMA NEGERI 31;JL. KAYU MANIS TIMUR;KURIKULUM MERDEKA;;;;;;;;;;Jakarta Timur;63.05;61.55;89.93;93.42;91.34;A;89 murid;25 murid;13 murid;99 murid;124 murid
20102215;SMA NEGERI 32;JL. PANJANG KOMP. SETNEG BARU;KURIKULUM MERDEKA;;;;;;;;;;Jakarta Selatan;57.5;57.88;87.13;93.85;89.83;A;71 murid;20 murid;20 murid;78 murid;99 murid
2010160;SMA NEGERI 33;JL. KAMAL RAYA NO. 54;KURIKULUM MERDEKA;;;;;;;;;;Jakarta Barat;69.95;66.58;93.45;95.22;93.21;A;71 murid;20 murid;9 murid;69 murid;100 murid
20102214;SMA NEGERI 34;JL. MARGASATWA RAYA NO. 1;KURIKULUM MERDEKA;;;;;;;;;;Jakarta Selatan;74;70.22;96.15;96.05;95.09;A;71 murid;20 murid;11 murid;74 murid;99 murid
20100212;SMA NEGERI 35;JL. MUTIARA;KURIKULUM MERDEKA;;;;;;;;;;Jakarta Pusat;57.02;62.82;86.15;91.30;87.98;A;62 murid;17 murid;17 murid;68 murid;86 murid
20103280;SMA NEGERI 36;JL. PERHUBUNGAN RAYA;KURIKULUM MERDEKA;;;;;;;;;;Jakarta Timur;59.85;60.04;88.65;93.83;91.955;A;71 murid;20 murid;17 murid;80 murid;99 murid
20102213;SMA NEGERI 37;JL. H. NO. 40;KURIKULUM MERDEKA;;;;;;;;;;Jakarta Selatan;58.12;58.09;88.67;91.32;90.485;A;62 murid;17 murid;17 murid;69 murid;87 murid
20102212;SMA NEGERI 38;JL. RAYA LENTENG AGUNG;KURIKULUM MERDEKA;;;;;;;;;;Jakarta Selatan;65.88;66.3;94.25;95.35;94.365;A;62 murid;17 murid;16 murid;73 murid;86 murid
20103296;SMA NEGERI 39;JL. RA. FADILLAH;KURIKULUM MERDEKA;;;;;;;;;;Jakarta Timur;70.42;68.69;97.32;95.48;94.53;A;62 murid;17 murid;7 murid;74 murid;87 murid
20100810;SMA NEGERI 40;JL. BUDI MULIA RAYA;KURIKULUM MERDEKA;;;;;;;;;;Jakarta Utara;63.09;58.03;89.27;91.40;87.775;A;62 murid;17 murid;19 murid;68 murid;86 murid
20100811;SMA NEGERI 41;JL. LAKS. R. E. MARTADINATA;KURIKULUM MERDEKA;;;;;;;;;;Jakarta Utara;63.73;56.49;85.12;88.38;86.775;A;61 murid;17 murid;12 murid;74 murid;86 murid
20103297;SMA NEGERI 42;JL. RAJAWALI;KURIKULUM MERDEKA;;;;;;;;;;Jakarta Timur;57.47;59.14;89.03;89.90;90.515;A;62 murid;17 murid;11 murid;73 murid;86 murid
20102211;SMA NEGERI 43;JL. MINANGKABAU DALAM;KURIKULUM MERDEKA;;;;;;;;;;Jakarta Selatan;57.64;59.63;86.75;91.30;89.375;A;53 murid;15 murid;16 murid;53 murid;74 murid
20103298;SMA NEGERI 44;JL. DELIMA IV PERUM KLENDER;KURIKULUM MERDEKA;;;;;;;;;;Jakarta Timur;65.15;61.16;89.40;94.32;92.555;A;62 murid;17 murid;12 murid;73 murid;87 murid
20100812;SMA NEGERI 45;JL. PERINTIS KEMERDEKAAN;KURIKULUM MERDEKA;;;;;;;;;;Jakarta Utara;57.8;56.87;86.38;93.15;88.74;A;70 murid;19 murid;19 murid;81 murid;97 murid
20102210;SMA NEGERI 46;JL. MESJID DARUSSALAM;KURIKULUM MERDEKA;;;;;;;;;;Jakarta Selatan;57.61;58.96;89.87;94.40;88.365;A;80 murid;22 murid;24 murid;91 murid;112 murid
20102193;SMA NEGERI 47;JL. DELMAN UTAMA I;KURIKULUM MERDEKA;;;;;;;;;;Jakarta Selatan;70.57;66.14;96.48;97.58;94.79;A;70 murid;19 murid;13 murid;79 murid;97 murid
20103314;SMA NEGERI 48;JL. PINANGRANTI II;KURIKULUM MERDEKA;;;;;;;;;;Jakarta Timur;72.39;67.84;96.80;96.87;96.225;A;71 murid;20 murid;11 murid;75 murid;99 murid
20102592;SMA NEGERI 49;JL. PEPAYA 9;KURIKULUM MERDEKA;;;;;;;;;;Jakarta Selatan;64.53;63.01;94.00;94.95;93.205;A;54 murid;15 murid;13 murid;63 murid;75 murid
20103313;SMA NEGERI 50;JL. PLN;KURIKULUM MERDEKA;;;;;;;;;;Jakarta Timur;60.05;58.27;88.95;89.85;89.125;A;62 murid;17 murid;8 murid;69 murid;87 murid
20103312;SMA NEGERI 51;JL. BATU AMPAR III;KURIKULUM MERDEKA;;;;;;;;;;Jakarta Timur;58.5;58.85;87.25;93.55;89.695;A;71 murid;20 murid;13 murid;73 murid;99 murid
20100797;SMA NEGERI 52;JL. RAYA TUGU SEMPER;KURIKULUM MERDEKA;;;;;;;;;;Jakarta Utara;65.61;65.17;92.85;95.48;92.435;A;70 murid;20 murid;15 murid;80 murid;98 murid
20103311;SMA NEGERI 53;JL. CIPINANG JAYA 2B;KURIKULUM MERDEKA;;;;;;;;;;Jakarta Timur;57.61;58.91;88.97;95.63;90.475;A;61 murid;17 murid;15 murid;68 murid;85 murid
20103310;SMA NEGERI 54;JL. JATINEGARA TIMUR IV;KURIKULUM MERDEKA;;;;;;;;;;Jakarta Timur;60.81;60.3;88.18;95.08;91.24;A;70 murid;20 murid;12 murid;72 murid;98 murid
20102575;SMA NEGERI 55;JL. MINYAK RAYA;KURIKULUM MERDEKA;;;;;;;;;;Jakarta Selatan;67.21;64.72;93.30;94.17;91.95;A;71 murid;20 murid;9 murid;82 murid;99 murid
20101605;SMA NEGERI 56;JL. KAMAL RAYA TEGAL ALUR;KURIKULUM MERDEKA;;;;;;;;;;Jakarta Barat;56.53;59.52;91.23;93.12;91.005;A;44 murid;12 murid;13 murid;46 murid;62 murid
20101604;SMA NEGERI 57;JL. RAYA KEDOYA;KURIKULUM MERDEKA;;;;;;;;;;Jakarta Barat;57.88;61.23;87.65;91.88;90.53;A;53 murid;15 murid;12 murid;50 murid;74 murid
20103309;SMA NEGERI 58;JL. RAYA CIRACAS;KURIKULUM MERDEKA;;;;;;;;;;Jakarta Timur;65.46;66.25;89.83;94.32;93.74;A;79 murid;22 murid;15 murid;75 murid;110 murid
20103308;SMA NEGERI 59;JL. BULAK TIMUR I NO.10-11;KURIKULUM MERDEKA;;;;;;;;;;Jakarta Timur;57.47;59.65;88.38;91.95;91.825;A;62 murid;17 murid;18 murid;69 murid;86 murid
20102573;SMA NEGERI 60;JL. KEMANG TIMUR I NO.6;KURIKULUM MERDEKA;;;;;;;;;;Jakarta Selatan;62.12;61.85;88.60;92.28;91.64;A;62 murid;17 murid;15 murid;73 murid;87 murid
20103307;SMA NEGERI 61;JL. TARUNA PAH. REVOLUSI;KURIKULUM MERDEKA;;;;;;;;;;Jakarta Timur;72.06;67.67;96.40;91.45;94.825;A;53 murid;15 murid;7 murid;57 murid;74 murid
20103306;SMA NEGERI 62;JL. RAYA BOGOR KM. 20;KURIKULUM MERDEKA;;;;;;;;;;Jakarta Timur;61.76;61.83;91.30;88.60;91.975;A;53 murid;15 murid;14 murid;51 murid;74 murid
20102572;SMA NEGERI 63;JL. AMD V MANUNGGAL V/57;KURIKULUM MERDEKA;;;;;;;;;;Jakarta Selatan;64.66;61.61;91.23;92.30;91.125;A;53 murid;15 murid;17 murid;56 murid;74 murid
20103305;SMA NEGERI 64;JL. RAYA CIPAYUNG;KURIKULUM MERDEKA;;;;;;;;;;Jakarta Timur;60.52;63.55;87.70;94.15;91.325;A;62 murid;17 murid;13 murid;64 murid;87 murid
20101589;SMA NEGERI 65;JL. RAYA PANJANG;KURIKULUM MERDEKA;;;;;;;;;;Jakarta Barat;67.63;66.2;92.28;93.68;94.81;A;44 murid;12 murid;4 murid;44 murid;62 murid
20102571;SMA NEGERI 66;JL. BANGO III;KURIKULUM MERDEKA;;;;;;;;;;Jakarta Selatan;62.73;64.1;91.90;92.65;92.21;A;62 murid;17 murid;12 murid;73 murid;86 murid
20103304;SMA NEGERI 67;JL. SQUADRON HALIM PK;KURIKULUM MERDEKA;;;;;;;;;;Jakarta Timur;63.31;61.91;93.85;93.48;92.275;A;61 murid;17 murid;15 murid;69 murid;85 murid
20100199;SMA NEGERI 68;JL SALEMBA RAYA NO 18;KURIKULUM MERDEKA;;;;;;;;;;Jakarta Pusat;76.28;70.35;96.63;95.03;94.45;A;70 murid;20 murid;10 murid;83 murid;98 murid
20107185;SMA NEGERI 69 (KEPULAUAN SERIBU);PULAU PRAMUKA RT 002 RW 005;KURIKULUM MERDEKA;;;;;;;;;;Kepulauan Seribu;59.13;38.76;86.05;92.07;79.025;A;62 murid;17 murid;32 murid;75 murid;87 murid
20102570;SMA NEGERI 70;JL. BULUNGAN BLOK C NO.1;KURIKULUM MERDEKA;;;;;;;;;;Jakarta Selatan;70.01;69.34;96.35;96.93;92.215;A;89 murid;25 murid;16 murid;104 murid;124 murid
20103303;SMA NEGERI 71;JL. H. DOGOL KAV. TNI-AL;KURIKULUM MERDEKA;;;;;;;;;;Jakarta Timur;68.64;66.07;94.40;96.78;95.015;A;70 murid;20 murid;14 murid;72 murid;98 murid
20100796;SMA NEGERI 72;JL. PRIHATIN KOMP. TNI AL;KURIKULUM MERDEKA;;;;;;;;;;Jakarta Utara;64.4;60.57;86.08;91.23;87.79;A;61 murid;17 murid;20 murid;71 murid;85 murid
20100795;SMA NEGERI 73;JL. RAYA CAKUNG CILINCING NO.1;KURIKULUM MERDEKA;;;;;;;;;;Jakarta Utara;59.75;55.47;86.20;93.10;89.005;A;52 murid;14 murid;14 murid;55 murid;72 murid
20102569;SMA NEGERI 74;JL. DARMA PUTRA XI;KURIKULUM MERDEKA;;;;;;;;;;Jakarta Selatan;56.36;58.9;88.98;89.83;88.34;A;61 murid;17 murid;17 murid;69 murid;86 murid
20100779;SMA NEGERI 75;JL. TIPAR CAKUNG;KURIKULUM MERDEKA;;;;;;;;;;Jakarta Utara;62.3;56.77;88.10;91.35;90.21;A;61 murid;17 murid;13 murid;71 murid;86 murid
20103302;SMA NEGERI 76;JL. TIPAR CAKUNG;KURIKULUM MERDEKA;;;;;;;;;;Jakarta Timur;55.82;57.96;86.73;92.07;89.44;A;44 murid;12 murid;13 murid;43 murid;62 murid
20100201;SMA NEGERI 77;JL. CEMPAKA PUTIH TENGAH;KURIKULUM MERDEKA;;;;;;;;;;Jakarta Pusat;69.35;64.9;94.73;95.63;92.775;A;52 murid;15 murid;9 murid;56 murid;73 murid
20101588;SMA NEGERI 78;JL. BHAKTI IV/1 KOMPLEK PAJAK;KURIKULUM MERDEKA;;;;;;;;;;Jakarta Barat;71.46;68.12;96.72;96.50;94.09;A;98 murid;27 murid;14 murid;106 murid;137 murid
20107320;SMA NEGERI 79;JL. MENTENG PULO UJUNG;KURIKULUM MERDEKA;;;;;;;;;;Jakarta Selatan;56.53;57.15;89.63;90.62;88.24;A;44 murid;12 murid;9 murid;49 murid;61 murid
20100780;SMA NEGERI 80;JL. SUNTER KARYA SELATAN V NO.80;KURIKULUM MERDEKA;;;;;;;;;;Jakarta Utara;64.96;68.59;89.30;95.85;91.80;A;63 murid;18 murid;8 murid;69 murid;88 murid
20103301;SMA NEGERI 81;JL. KARTIKA EKA PAKSI. KPAD;KURIKULUM MERDEKA;;;;;;;;;;Jakarta Timur;77.47;70.65;97.15;96.30;96.215;A;62 murid;17 murid;8 murid;69 murid;86 murid
20102566;SMA NEGERI 82;JL. DAHA II/15A;KURIKULUM MERDEKA;;;;;;;;;;Jakarta Selatan;58.65;61.66;90.58;95.28;88.83;A;53 murid;15 murid;11 murid;64 murid;75 murid
20100781;SMA NEGERI 83;JL. TIPAR CAKUNG;KURIKULUM MERDEKA;;;;;;;;;;Jakarta Utara;55.26;53.75;86.10;90.12;88.15;A;44 murid;12 murid;13 murid;45 murid;62 murid
20101587;SMA NEGERI 84;JL. PETA BARAT NO.42;KURIKULUM MERDEKA;;;;;;;;;;Jakarta Barat;61.96;60.06;88.88;93.08;92.54;A;60 murid;17 murid;22 murid;58 murid;83 murid
20101586;SMA NEGERI 85;JL. SRENGSENG RAYA;KURIKULUM MERDEKA;;;;;;;;;;Jakarta Barat;61.7;60.66;89.00;89.95;91.975;A;61 murid;17 murid;12 murid;69 murid;86 murid
20102565;SMA NEGERI 86;JL. BINTARO PERMAI IV NO.36;KURIKULUM MERDEKA;;;;;;;;;;Jakarta Selatan;57.32;59.27;86.02;94.10;91.09;A;53 murid;15 murid;15 murid;62 murid;74 murid
20102564;SMA NEGERI 87;JL. MAWAR II BINTARO;KURIKULUM MERDEKA;;;;;;;;;;Jakarta Selatan;57.83;58.67;88.63;93.38;89.50;A;53 murid;15 murid;13 murid;62 murid;74 murid
20103300;SMA NEGERI 88;JL. SAWO INDAH;KURIKULUM MERDEKA;;;;;;;;;;Jakarta Timur;59.27;57.98;90.53;90.40;89.40;A;44 murid;12 murid;13 murid;50 murid;61 murid
20103299;SMA NEGERI 89;JL. KAYU TINGGI;KURIKULUM MERDEKA;;;;;;;;;;Jakarta Timur;65.39;62.63;92.97;95.45;93.945;A;53 murid;15 murid;9 murid;55 murid;74 murid
20102563;SMA NEGERI 90;JL. SABAR PETUKANGAN;KURIKULUM MERDEKA;;;;;;;;;;Jakarta Selatan;65.36;61.94;91.73;96.12;92.80;A;79 murid;22 murid;13 murid;95 murid;110 murid
20103278;SMA NEGERI 91;JL. LEMBAH LONTAR;KURIKULUM MERDEKA;;;;;;;;;;Jakarta Timur;64.26;62.56;93.85;94.35;93.825;A;52 murid;15 murid;14 murid;53 murid;73 murid
20100782;SMA NEGERI 92;JL. KOMPLEK PEMADAM KEBAKARAN;KURIKULUM MERDEKA;;;;;;;;;;Jakarta Utara;60.93;57.74;85.85;92.80;89.365;A;71 murid;20 murid;13 murid;83 murid;99 murid
20103258;SMA NEGERI 93;JL. RAYA BOGOR KOMPLEK PASPAMPRES;KURIKULUM MERDEKA;;;;;;;;;;Jakarta Timur;57.47;59.48;87.23;95.33;90.54;A;53 murid;15 murid;12 murid;56 murid;74 murid
20101585;SMA NEGERI 94;JL. RAYA SEMANAN;KURIKULUM MERDEKA;;;;;;;;;;Jakarta Barat;64.45;61.59;91.73;90.85;90.875;A;53 murid;15 murid;6 murid;57 murid;75 murid
20101584;SMA NEGERI 95;JL. SATU MARETNO.49;KURIKULUM MERDEKA;;;;;;;;;;Jakarta Barat;62.93;58.61;87.80;92.85;91.74;A;79 murid;22 murid;21 murid;88 murid;110 murid
20101583;SMA NEGERI 96;JL. JATI RAYA 40;KURIKULUM MERDEKA;;;;;;;;;;Jakarta Barat;62.29;57.92;87.98;92.33;91.48;A;62 murid;17 murid;13 murid;61 murid;86 murid
20102562;SMA NEGERI 97;JL. BRIGIF 2;KURIKULUM MERDEKA;;;;;;;;;;Jakarta Selatan;63.73;63.8;92.45;95.03;90.465;A;80 murid;22 murid;18 murid;95 murid;111 murid
20103257;SMA NEGERI 98;JL. JAHA NO.1;KURIKULUM MERDEKA;;;;;;;;;;Jakarta Timur;61.16;62.24;92.53;94.02;91.765;A;79 murid;22 murid;14 murid;77 murid;111 murid
20103256;SMA NEGERI 99;JL. CIBUBUR II;KURIKULUM MERDEKA;;;;;;;;;;Jakarta Timur;66.56;66.02;94.55;95.45;94.25;A;79 murid;22 murid;19 murid;85 murid;110 murid
20103294;SMA NEGERI 100;JL. PERSATUAN 2;KURIKULUM MERDEKA;;;;;;;;;;Jakarta Timur;57.45;57.13;87.90;91.13;88.805;A;52 murid;15 murid;20 murid;53 murid;73 murid
20101627;SMA NEGERI 101;JL. KOMPLEKS JOGLO BARU;KURIKULUM MERDEKA;;;;;;;;;;Jakarta Barat;58.35;58.39;96.85;82.25;93.68;A;70 murid;20 murid;18 murid;75 murid;98 murid
20103293;SMA NEGERI 102;JL. KAYUTINGGI;KURIKULUM MERDEKA;;;;;;;;;;Jakarta Timur;59.75;56.24;87.68;82.30;91.60;A;61 murid;17 murid;22 murid;74 murid;85 murid
20103292;SMA NEGERI 103;JL. MAWAR MERAH;KURIKULUM MERDEKA;;;;;;;;;;Jakarta Timur;63.09;62.72;92.90;85.25;96.87;A;63 murid;18 murid;10 murid;59 murid;88 murid
20103291;SMA NEGERI 104;JL. H. TAIMAN BARAT;KURIKULUM MERDEKA;;;;;;;;;;Jakarta Timur;57.23;60.19;91.53;81.885;94.08;A;70 murid;20 murid;14 murid;78 murid;98 murid
20103290;SMA NEGERI 105;JL. USMAN;KURIKULUM MERDEKA;;;;;;;;;;Jakarta Timur;58.91;61.2;87.55;85.305;94.10;A;61 murid;17 murid;13 murid;59 murid;86 murid
20103289;SMA NEGERI 106;JL. GANDARIA I;KURIKULUM MERDEKA;;;;;;;;;;Jakarta Timur;57.52;58.56;91.35;83.225;93.78;A;63 murid;18 murid;19 murid;67 murid;88 murid
20103288;SMA NEGERI 107;JL. KAMP. RAWA BADUNG TIMUR;KURIKULUM MERDEKA;;;;;;;;;;Jakarta Timur;55.1;54.83;88.15;81.025;92.90;A;54 murid;15 murid;18 murid;54 murid;75 murid
20102230;SMA NEGERI 108;JL. KESADARAN ULUJAMI RAYA;KURIKULUM MERDEKA;;;;;;;;;;Jakarta Selatan;61.89;55.91;86.40;81.66;92.07;A;44 murid;12 murid;12 murid;53 murid;61 murid
20102219;SMA NEGERI 109;JL. GARDU NO. 31;KURIKULUM MERDEKA;;;;;;;;;;Jakarta Selatan;57.73;61.25;93.10;82.66;93.18;A;62 murid;17 murid;19 murid;76 murid;87 murid
20100802;SMA NEGERI 110;JL. BENDUNGAN MELAYU;KURIKULUM MERDEKA;;;;;;;;;;Jakarta Utara;64.71;62.19;87.10;83.735;92.67;A;71 murid;20 murid;13 murid;80 murid;100 murid
20100803;SMA NEGERI 111;JL. BANDENGAN UTARA NO. 80;KURIKULUM MERDEKA;;;;;;;;;;Jakarta Utara;56.3;58.44;87.05;81.515;97.30;A;35 murid;10 murid;15 murid;33 murid;49 murid
20101626;SMA NEGERI 112;JL. SANGGRAHAN NO. 2;KURIKULUM MERDEKA;;;;;;;;;;Jakarta Barat;64.05;65.1;90.40;84.45;95.73;A;71 murid;20 murid;17 murid;69 murid;99 murid
20103286;SMA NEGERI 113;JL. ALBAIDO;KURIKULUM MERDEKA;;;;;;;;;;Jakarta Timur;68.64;60.38;89.23;83.71;94.65;A;79 murid;22 murid;11 murid;86 murid;110 murid
20100804;SMA NEGERI 114;JL. PEDONGKELAN NO.25;KURIKULUM MERDEKA;;;;;;;;;;Jakarta Utara;58.02;58.68;86.28;81.925;92.33;A;36 murid;10 murid;6 murid;34 murid;50 murid
20100805;SMA NEGERI 115;JL. ROROTAN X ROROTAN;KURIKULUM MERDEKA;;;;;;;;;;Jakarta Utara;56.14;54.35;87.85;82.84;92.30;A;35 murid;10 murid;10 murid;39 murid;49 murid
70053381;SMA NEGERI 116;JL. SD III. RT. 02. RW. 08;KURIKULUM MERDEKA;;;;;;;;;;Jakarta Selatan;55.54;56.58;88.67;82.46;91.88;Belum Terdaftar/Belum Terakreditasi;54 murid;15 murid;7 murid;63 murid;75 murid
70054019;SMA NEGERI 117;JALAN CIASEM NO 2;KURIKULUM MERDEKA;;;;;;;;;;Jakarta Pusat;57;59.61;91.68;82.735;90.43;Belum Terdaftar/Belum Terakreditasi;45 murid;13 murid;9 murid;53 murid;63 murid
;;;;;;;;;;;;;;;;;;;;;;;;
;;;;;;;;;;;;;;;;;;;;;;;;
;;;;;;;;;;;;;;;;;;;;;;;;
;;;;;;;;;;;;;;;;;;;;;;;;
;;;;;;;;;;;;;;;;;;;;;;;;
;;;;;;;;;;;;;;;;;;;;;;;;
;;;;;;;;;;;;;;;;;;;;;;;;
;;;;;;;;;;;;;;;;;;;;;;;;
;;;;;;;;;;;;;;;;;;;;;;;;
;;;;;;;;;;;;;;;;;;;;;;;;
;;;;;;;;;;;;;;;;;;;;;;;;
;;;;;;;;;;;;;;;;;;;;;;;;
;;;;;;;;;;;;;;;;;;;;;;;;
